0;Câu 0;Cám Ơn Bạn Vì Đã Tải Ứng Dụng;A.YEs;B. Oke;C. YES;D. OKE;C

1;Câu 1;Cho các chất sau: hoa đào, hoa mai, con người, cây cỏ, quần áo…Hãy cho biết vật nào là nhân tạo?;A. Hoa đào;B. Cây cỏ;C. Quần áo;D. Tất cả đáp án trên;C
1;Câu 2; Chọn đáp án đúng nhất;A. Nước cất là chất tinh khiết.;B. Chỉ có 1 cách để biết tính chất của chất;C. Vật thể tự nhiên là do con người tạo ra;D. Nước mưa là chất tinh khiết;A
1;Câu 3; Điền từ còn thiếu vào chỗ trống “Cao su là chất…., có tính chất đàn hồi, chịu được ăn mòi nên được dùng chế tạo lốp xe”;A. Thấm nước;B. Không thấm nước;C. Axit;D. Muối;B
1;Câu 4; Điền từ thích hợp vào chỗ trống“ Thủy ngân là kim loại nặng có ánh bạc, có dạng (1) ở nhiệt độ thường. Thủy ngân thường được sử dụng trong(2) (3) và các thiết bị khoa học khác.”;A.(1) rắn (2) nhiệt độ (3) áp kế;B.(1) lỏng (2) nhiệt kế (3) áp kế;C.(1) khí (2) nhiệt kế (3) áp suất;D. 3 đáp án trên;B
1;Câu 5; Tìm từ sai trong câu sau “Thủy tinh, đôi khi trong dân gian còn được gọi là kính hay kiếng, là một chất lỏng (1) vô định hình đồng nhất, có gốc silicát, thường được pha trộn thêm các tạp chất để có vật chất (2) theo ý muốn. Thân mía gồm các vật thể (3): đường (tên hóa học là saccarozo (4)), nước, xenlulozo…”;A. (1), (2), (4);B. (1), (2), (3);C. (2), (3), (4);D. (1), (2), (3), (4);B
1;Câu 6; Chất nào sau đây được coi là tinh khiết;A. Nước cất;B. Nước mưa;C. Nước lọc;D. Đồ uống có gas;A
1;Câu 7; Chất tinh khiết là chất;A. Chất lẫn ít tạp chất;B. Chất không lẫn tạp chất;C. Chất lẫn nhiều tạp chất;D. Có tính chất thay đổi;B
1;Câu 8; Tính chất nào sau đây có thể quan sát được mà không cần đo hay làm thí nghiệm để biết?;A. Tính tan trong nước;B. Khối lượng riêng;C. Màu sắc;D. Nhiệt độ nóng chảy;C
1;Câu 9; Cách hợp lí để tách muối từ nước biển là:;A. Lọc;B. Bay hơi;C. Chưng cất;D. Để yên thì muối sẽ tự lắng xuống;B
1;Câu 10; Vật thể tự nhiên là;A. Con bò;B. Điện thoại;C. Ti vi;D. Bàn là;A

2;Câu 1; Điền từ còn thiếu vào chỗ trống “Nguyên tử là hạt vô cùng nhỏ và (1) về điện. Nguyên tử gồm hạt nhân mang điện tích dương và vỏ tạo bởi (2) mang (3)”;A. (1) trung hòa (2) hạt nhân (3) điện tích âm;B. (1) trung hòa (2) một hay nhiều electron (3) không mang điện;C. (1) không trung hòa ... (2) một hạt electron  ... (3) điện tích dương;D. (1) trung hòa  (2) một hay nhiều electron  (3) điện tích âm;B
2;Câu 2; Chọn đán án đúng nhất;A. Số p=số e;B. Hạt nhân tạo bởi proton và electron;C. Electron không chuyển động quanh hạt nhân;D. Eletron sắp xếp thành từng lớp;A
2;Câu 3; Điền từ còn thiếu vào chỗ trống “Cao su là chất…., có tính chất đàn hồi, chịu được ăn mòi nên được dùng chế tạo lốp xe”;A. Thấm nước;B. Không thấm nước;C. Axit;D. Muối;B
2;Câu 4; Chọn đáp án sai;A. Khối lượng của hạt nhân được coi là khối lượng của nguyên tử;B. Số p = số e;C. Hạt nhân tạo bởi proton và notron;D. Oxi có số p khác số e;D
2;Câu 5; Đường kính của nguyên tử là;A. 10^-8 cm;B. 10^-9 cm;C. 10^-8 m;D. 10^-9m;A
2;Câu 6; Nguyên tử có khả năng liên kết với nhau. Tại sao? Chọn đáp án đúng;A. Do có electron;B. Do có notron;C. Tự đưng có sẵn;D. Do khối lượng hạt nhân bằng khối lượng nguyên tử;A
2;Câu 7; Vì sao khối lương nguyên tử được coi bằng khối lượng hạt nhân. Chọn đáp án đúng;A. Do proton và notron có cùng khối lượng còn electron có khối lượng rất bé;B. Do số p = số e;C. Do hạt nhân tạo bởi proton và notron;D. Do notron không mang điện;A
2;Câu 8; Trong khoảng không gian giữa hạt nhân và lớp vỏ electron của nguyên tử có những gì?;A. Electron;B. Notron;C. Proton;D. Không có gì;D
2;Câu 9; Hạt nhân được cấu tạo bởi:;A. Notron và electron;B. Proton va electron;C. Proton và notron;D. Electron;C
2;Câu 10; Điền từ vào chỗ trống “Trong tự nhiên, hidro có một người anh em sinh đôi là(1).Nguyên tử(2) còn được gọi là ‘hidro (3)’, chỉ khác có thêm 1 (4)” ;A. 1- đơtriti   2- hidro    3- nhẹ   4- proton ;B. 1- triti   2- hidro   3-nặng     4- electron ;C. 1- doteri    2- doteri   3-nặng   4- notron;D None ;C

3;Câu 1; Có bao nhiêu nguyên tố hóa học:;A. Trên 110 nguyên tố;B. Đúng 110 nguyên tố;C. 111 nguyên tố;D. 100 nguyên tố;A
3;Câu 2; Kí hiệu của nguyên tố Xeci là;A. Cs;B. Sn;C. Ca;D. B;A
3;Câu 3; Khối lượng nguyên tử C là:;A. 1, 9926.10^-24kg;B. 1,9924.10^-27g;C. 1,9925.10^25kg;D. 1,9926.10^-27kg;D
3;Câu 4; Nguyên tử của nguyên tố X có nguyên tử khối gấp 7 lần của nguyên tử nguyên tố hidro, đó là nguyên tử nguyên tố nào. Cho biết số p và số e;A. Liti, số p=số e=3;B. Be, số p=số e= 4;C. Liti, số p=số e=7;D. Natri, số p=số e=11;A
3;Câu 5; Cho nguyên tố O có nguyên tử khối là 16, Mg là 24. Nguyên tử nào nặng hơn;A. Mg nặng hơn O;B. Mg nhẹ hơn O;C. O bằng Mg;D. Tất cả đáp án trên;A
3;Câu 6; Cho nguyên tử của nguyên tố C có 11 proton. Chọn đáp án sai;A. Đấy là nguyên tố Natri;B. Số e là 16 e;C. Nguyên tử khối là 23;D. Stt trong bảng tuần hoàn là 11;B
3;Câu 7; Cho nguyên tử khối của Bari là 137 . Tính khối lượng thực nguyên tố trên.;A. mBa=2,27.10^-22g;B. mBa=2,234.10^-24g;C. mBa=1,345.10^-23kg;D. mBa=2,7298.10^-21g;A
3;Câu 8; Chọn đáp án sai (Hướng dẫn: nguyên tố hóa học là tập hợp những nguyên tử cùng loại, có cùng số p trong hạt nhân);A. số p là số đặc trưng của nguyên tố hóa học;B. nguyên tố hóa học là tập hợp những nguyên tố cùng loại, có cùng số p trong hạt nhân;C. 1 đvC = 1/12 mC;D. Oxi là nguyên tố chiếm gần nửa khối lượng vỏ trái đất;B
3;Câu 9; Cho số khối của nguyên tử nguyên tố X là 39. Biết rằng tổng số hạt nguyên tử là 58. Xác định nguyên tố đó và cho biết số notron;A. Kali, số n= 19;B. Kali, số n=20;C. Ca, số n=19;D. Ca, số n= 20;B
3;Câu 10; Cho điện tích hạt nhân của X là 15+. Biết rằng số hạt mang điện nhiều hơn không mang điện là 14. Xác định nguyên tố và số khối;A. Nguyên tố P và A=30;B. Nguyên tố Si và A= 29;C. Nguyên tố P và A=31;D. Nguyên tố Cl và A=35.5;C

4;Câu 1; Chọn từ sai trong câu sau “Phân tử khối là hạt đại diện cho nguyên tố, gồm một số nguyên tử liên kết với nhau và thể hiện đầy đủ tính chất vật lí của chất”.;A. Phân tử khối;B. Vật lí;C. Liên kết;D. Đáp án A&B;C
4;Câu 2; Chọn câu đúng;A. Đơn chất và hợp chất giống nhau;B. Đơn chất là những chất cấu tạo nên từ một nguyên tố hóa học;C. Hợp chất là những chất tạo nên chỉ duy nhất với hai nguyên tố hóa học;D. Có duy nhất một loại hợp chất;B
4;Câu 3; Chọn đáp án sai;A. Kim cương và than chì đều cấu tạo từ nguyên tố C;B. Kim cương rất quý và đắt tiền;C. Than chì màu trắng trong;D. Có thể điều chế kim cương nhân tạo bởi nung than chì dưới áp suất cao, trên 6000 atm ở nhiệt độ khoảng 1500 độ C;C
4;Câu 4; Cho các chất sau đâu là đơn chất hợp chất, phân tử : O, H2, P2O5, O3, CH4, CH3COOH, Ca, Cl2;A. Hợp chất: CH4, P2O5, CH3COOH - Đơn chất: O, Ca - Phân tử: H2, Cl2;B. Hợp chất: CH4, P2O5, CH3COOH - Đơn chất: H2, Cl2 - Phân tử: O, Ca;C. Hợp chất; CH4, Ca - Đơn chất: H2 - Phân tử: Ca;D. Hợp chất:P2O5 - Đơn chất: O - Phân tử: Cl2;A
4;Câu 5; Cách viết sau có ý nghĩa gì 5 O, Na, Cl2;A. 5 nguyên tử O,nguyên tử nguyên tố Na, phân tử Cl;B. Phân tử Oxi, hợp chất natri, nguyên tố clo;C. Phân tử khối Oxi, nguyên tử Na, phân tử clo;D. 5 phân tử oxi, phân tử Na, nguyên tố clo;A
4;Câu 6; Nói như sau có đúng không ;A. Phân tử nước gồm nguyên tố hidro và oxi;B. Clo là kim loại;C. NH3 hợp chất không mùi, không màu;D. Than chì được cấu tạo tạo từ nguyên tố C Và Nước;A
4;Câu 7; Phân loại hợp chất vô cơ và hữu cơ: NH3, CH3COONa, P2O5, CuSO4, C6H12O6, than chì;A. Vô cơ: NH3, P2O5, Than chì - Hữu cơ: CH3COONa, C6H12O6;B. Vô cơ: CuSO4, NH3 - Hữu cơ: P2O5;C. Vô cơ: than chì, CuSO4, NH3, P2O5 - Hữu cơ: còn lại;D. Không có đáp án đúng;C
4;Câu 8; Tính phân tử khối của CH4 và H2O;A. CH4=16 đvC, H2O=18 đvC;B. CH4=15 đvC, H2O=17 đvC;C. CH4=H2O=18 đvC;D. Không tính được phân tử khối;A
4;Câu 9; Chọn đáp án sai:;A. Cacbon dioxit được cấu tạo từ 1 nguyên tố C và 2 nguyên tố O;B. Nước là hợp chất;C. Muối ăn không có thành phần clo;D. Có 2 loại hợp chất là vô cơ và hữu cơ;C
4;Câu 10; Phân tử khối của Cu gấp mấy lần phân tử khối Hidro;A. 4 lần;B. 2 lần;C. 32 lần;D. 62 lần;C

5;Câu 1; Chọn đáp án đúng;A. Công thức hóa học của đồng là Cu;B. 3 phân tử oxi là O3;C. CaCO3 do 2 nguyên tố Canxi, 1 nguyên tố oxi tạo thành;D. Tất cả đáp án trên;A
5;Câu 2; Ý nghĩa của công thức hóa học;A. Nguyên tố nào tạo ra chất;B. Phân tử khối của chất;C. Số nguyên tử mỗi nguyên tố có trong 1 phân tử của chất;D. Tất cả đáp án;D
5;Câu 3; Từ công thức hóa học của CuSO4 có thể suy ra được những gì;A. CuSO4 do 3 nguyên tố Cu, O, S tạo nên;B. Có 3 nguyên tử oxi trog phân tử;C. Phân tử khối là 96 đvC;D. Tất cả đáp án;A
5;Câu 4; Viết CTHH và tính phân tử khối của hợp chất có 1 nguyên tử Na, 1 nguyên tử N và 3 nguyên tử oxi trong phân tử;A. NaNO3, phân tử khối là 85;B. NaNO3, phân tử khối là 86;C. Không có hợp chất thỏa mãn;D. NaNO3, phân tử khối là 100;A
5;Câu 5; Chon đáp án sai;A. CTHH của đơn chất chỉ gồm kí hiệu hóa học của 1 nguyên tố;B. Lưu huỳnh có công thức hóa học là S2;C. Phân tử khối của CaCO3 là 100 đvC;D. Tất cả đáp án;B
5;Câu 6; 3H2O nghĩa là như thế nào;A. 3 phân tử nước;B. Có 3 nguyên tố nước trong hợp chất;C. 3 nguyên tố oxi;D. Tất cả đều sai;A
5;Câu 7; Cho kim loại M tạo ra hợp chất MSO4 .Biết phân tử khôi là 120. Xác định kim loại M;A. Magie;B. Đồng;C. Sắt;D. Bạc;A
5;Câu 8; Chọn công thức hóa học đúng nhất;A. CaSO4;B. Fe5S;C. H;D. SO3^2-;A
5;Câu 9; Công thức hóa học đúng;A. Kali sunfuro KCl;B. Canxi cacbua CaH;C. Cacbon đioxit CO2;D. Khí metin CH4;C
5;Câu 10; Chọn đáp án sai;A. CO là cacbon oxit;B. Ca là công thức hóa học của canxi;C. Al2O3 có 2 nguyên tử nhôm và 2 nguyên tử oxi trong phân tử;D. Tất cả đáp án;C

6;Câu 1; Tính hóa trị của C trong CO biết Oxi hóa trị là II;A. I;B. II;C. III;D. Không xác định;D
6;Câu 2; Biết hidroxit có hóa trị I, công thức hòa học nào đây là sai;A. NaOH;B. CuOH;C. KOH;D. Fe(OH)3;B
6;Câu 3; Bari có hóa tri II. Chọn công thức sai;A. BaSO4;B. BaO;C. BaCl;D. Ba(OH)2;C
6;Câu 4; Nguyên tử Fe có hóa trị II trong công thức nào;A. FeO;B. Fe2O3;C. Fe;D. FeCl3;A
6;Câu 5; Trong P2O5 , P hóa trị mấy;A. I;B. II;C. IV;D. V;D
6;Câu 6; Lập công thức hóa học biết hóa trị của X là I và số p = e là 13 và Y có nguyên tử khối là 35.5;A. NaCl;B. BaCl2;C. NaO;D. MgCl;A
6;Câu 7; Lập công thức hóa học của Ca(II) với OH(I);A. CaOH;B. Ca(OH)2;C. Ca2(OH);D. Ca3OH;B
6;Câu 8; Ta có một oxit tên CrO. Vậy muối của Crom có hóa trị tương ứng là;A. CrSO4;B. Cr(OH)3;C. Cr2O3;D. Cr2(OH)3;A
6;Câu 9; Cho hợp chất của X là XO và Y là Na2Y. Công thức của XY là;A. XY;B. X2Y;C. X3Y;D. Tất cả đáp án.;A
6;Câu 10; Chọn câu sai;A. Hóa tri là con số biểu thị khả năng liên kết của nguyên tử nguyên tố này với nguyên tử nguyên tố kia;B. Hoá trị của một nguyên tố được xác định theo hóa trị của H chọn làm đơn vị và hóa trị của oxi là 2 đơn vị;C. Quy tắc hóa trị : x.a=y.b;D. Photpho chỉ có hóa trị IV;D

7;Câu 1; Hiện tượng vật lý là;A. Hiện tượng chất bến đổi mà vẫn giữ nguyên là chất ban đầu;B. Hiện tượng chất bến đổi có tạo ra chất khác;C. Hòa tan nước muối;D. Đốt cháy KMnO4;A
7;Câu 2; Hiện tượng hóa học là;A. Hiện tượng chất bến đổi mà vẫn giữ nguyên là chất ban đầu;B. Hiện tượng chất bến đổi có tạo ra chất khác;C. 4Na+O2 → 2Na2O;D. Cho đường hòa tan với nước muối;B
7;Câu 3; Dấu hiệu chính để phân biệt hiện tương vật lý và hiện tượng hóa học;A. Sự thay đổi về màu sắc của chất;B. Sự xuất hiện chất mới;C. Sự thay đổi về trạng thái của chất;D. Sự thay đổi về hình dạng của chất;B
7;Câu 4; Hiên tượng nào sau đây là hiện tượng vật lý...a. Hiện tượng thủy triều...b. Băng tan...c. Nến cháy bị nóng chảy...d. Nước chảy đá mòn...e. Đốt cháy lưu huỳnh sinh ra khí lưu hình đioxit;A. Tất cả đáp án;B. a,b,c;C. a,b;D. c,d,e;C
7;Câu 5; Hướng dẫn giải hiện tượng để thức ăn lâu ngày bị thiu;A. Hiện tượng vật lý vì nhiệt độ;B. Thức ăn đổi màu;C. Có mùi hôi;D. Hiện tượng hóa học vì bị các vi khuẩn hoạt sinh gây thối rữa;D
7;Câu 6; Chọn câu sai;A. Xay tiêu là hiện tượng vật lý;B. Đốt cháy đường mía là hiện tượng hóa học;C. Gấp quần áo là hiện tượng hóa học;D. Hiện tượng “ ma trơi” là hiện tượng hóa học;C
7;Câu 7; Cho biết hiện tượng hóa học...a. Dưa muối lên men...b. Đốt cháy Hidro trong không khí...c. Hiệu ứng nhà kính làm Trái Đất nóng lên...d. Mưa axit...e. Vào mùa hè bang ở 2 cực tan chảy;A. a,b,c,d;B. tất cả đáp án;C. a, b,d;D. e;A
7;Câu 8; Khi trời lạnh ta thấy mỡ bị đóng thành ván. Đun nóng các ván mỡ tan chảy. Nếu đun quá lửa sẽ có 1 phần hóa hơi và một phần cháy đen. Chọn câu đúng;A. Khi trời lạnh mỡ đóng thành ván là hiện tượng vật lý;B. Đun nóng mỡ bị cháy đen là hiện tượng vật lý;C. Mỡ tan chảy khi đun nóng là hiện tượng hóa học;D. Không có hiện tượng xảy ra;A
7;Câu 9; Trong các hiện tượng sau, hiện tương vật lý là;A. Đường cháy thành than;B. Cơm bị ôi thiu;C. Sữa chua lên men;D. Nước hóa đá dưới 0 độ C;D
7;Câu 10; Hiện tượng hóa học;A. Cơm bị ôi thiu;B. Rửa rau bằng nước lạnh;C. Cầu vồng xuất hiện sau mưa;D. Quá trình quang hợp;A

8;Câu 1; Dấu hiệu của phản ứng hóa học;A. Thay đổi màu sắc;B. Tạo chất bay hơi;C. Tạo chất kết tủa;D. Tất cả đáp án;D
8;Câu 2; Trong các quá trình sau, quá trình nào có phản ứng hóa học...a. Đốt cháy than trong không khí...b. Làm bay hơi nước muối biển trong quá trình sản xuất muối...c. Nung vôi...d. Tôi vôi...e. Iot thăng hoa;A. a,b,c;B. b,c,d,e;C. a,c,d;D. Tất cả đáp án;C
8;Câu 3; Phản ứng hóa học là;A. Quá trình kết hợp các đơn chất thành hợp chất;B. Quá trình biến đổi chất này thành chất khác;C. Sự trao đổi của 2 hay nhiều chất ban đầu để tạo chất mới;D. Là quá trình phân hủy chất ban đầu thành nhiều chất;B
8;Câu 4; Cho phản ứng giữa khí nito và khí hidro trong điều kiện nhiệt độ thích hợp sinh ra khí ammoniac. Chọn đáp án đúng;A. Tỉ lệ giữa khí nito và hidro là 1:3;B. Tỉ lệ giữa khí hidro và nito là 1:2;C. Tỉ lệ của nito và ammoniac là 1:2;D. Không có đáp án đúng;C
8;Câu 5; Chọn đáp án đúng ...Thả một mảnh sắt vào dung dịch axit clohidric thấy sinh ra khí;A.Khí đó là khí clo;B.Khí cần tìm là khí hidro;C.Thấy có nhiều hơn một khí;D.Không xác định;B
8;Câu 6; Chọn đáp án sai;A. Hidro + oxi → nước;B. Canxi cacbonat→ canxi oxit + khí cacbonic;C. Natri + clo → natri clorua;D. Đồng + nước → đồng hidroxit;D
8;Câu 7; Khẳng định đúng...Trong 1 phản ứng hóa học, các chất phản ứng và sản phẩn phải chứa;A. Số nguyên tử trong mỗi chất;B. Số nguyên tử mỗi nguyên tố;C. Số nguyên tố tạo ra chất;D. Số phân tử của mỗi chất;B
8;Câu 8; Cho kim loại natri (Na) vào khí clo (Cl2). Sản phẩm tạo thành là;A. Sinh ra khí clo;B. Sản phẩm là NaCl2;C. Sinh ra nước muối NaCl;D. Na2Cl;C
8;Câu 9; Chọn câu trả lời đúng;A. Sắt + lưu huỳnh thành sắt (II) sunfua;B. Sắt + Clo thành sắt(II) clorua;C. Sắt + lưu huỳnh thành sắt (III) sunfat;D. Sắt + axit clohidric thành sắt (III) clorua;A
8;Câu 10; Trong các trường hợp sau, trường hợp không là phương trình hóa học;A. Rượu để trong chai không kín bị cạn dần;B. Sắt cho tác dụng với oxi tạo ra khí SO2;C. Natri cháy trong không khí thành Na2O;D. Tất cả đáp án;A

9;Câu 1; Điền từ còn thiếu vào chỗ trống “ Trong 1 phản ứng hóa học ..... khối lượng của các chất sản phẩm bằng tổng khối lượng của các chất tham gia phản ứng”;A. Tổng;B. Tích;C. Hiệu;D. Thương;A
9;Câu 2; Chọn khẳng định sai về phản ứng hóa học?;A. Trong phản ứng hóa học chỉ có liên kết giữa các nguyên tử thay đổi làm phân tử này biến đổi thành phân tử khác.;B. Sự thay đổi liên kết giữa các nguyên tử chỉ liên quan đến electron.;C. Sự thay đổi liên kết giữa các nguyên tử chỉ liên quan đến nơtron.;D. Số nguyên tử nguyên tố được giữ nguyên sau phản ứng.;C
9;Câu 3; Chọn đáp án đúng;A. Tổng khối lượng sản phẩm bằng tổng khối lượng các chất tham gia phản ứng;B. Tổng khối lượng sản phẩm nhỏ hơn tổng khối lượng các chất tham gia phản ứng;C. Tổng khối lượng sản phẩm lớn hơn tổng khối lượng các chất tham gia phản ứng;D. Tổng khối lượng sản phẩm nhỏ hơn hoặc bằng tổng khối lượng các chất tham gia phản ứng;A
9;Câu 4; Cho 9 (g) nhôm cháy trong không khí thu được 10,2 g nhôm oxit. Tính khối lượng oxi;A. 1,7 g;B. 1,6 g;C. 1,5 g;D. 1,2 g;D
9;Câu 5; Cho sắt tác dụng với axit clohidric thu được 3, 9 g muối sắt và 7,2 g khí bay lên. Tổng khối lượn chất phản ứng;A. 11,1 g;B. 12,2 g;C. 11 g;D. 12,22;A
9;Câu 6; Vì sao khi Mg + HCl thì m_MgCl2 < m_Mg + m_HCl;A. Vì sản phẩn tạo thành còn có khí hidro;B. m_Mg= m_MgCl2;C. HCl có khối lượng lớn nhất;D. Tất cả đáp án;A
9;Câu 7; Nung đá vôi thu được vôi sống và khí cacbonic. Kết luận nào sau đây là đúng;A. Khối lượng đá vôi bằng khối lượng vôi sống;B. Khối lượng đá vôi bằng khối lượng khí;C. Khối lượng đá vôi bằng khối lượng khí cacbonic cộng với khối lượng vôi sống;D. Không xác định;C
9;Câu 8; Vì sao nung đá vôi thì khối lượng giảm;A. Vì khi nung vôi sống thấy xuất hiện khí cacbonic hóa hơi;B. Vì xuất hiện vôi sống;C. Vì có sự tham gia của oxi ;D None ;A
9;Câu 9; Cho mẩu magie phản ứng với dung dịch axit clohidric. Chon đáp án sai;A.Tổng khối lượng chất phản ứng lớn hơn khối lượng khí hidro;B.Khối lượng của magie clorua nhỏ hơn tổng khối lượng chất phản ứng;C.Khối lượng magie bằng khối lượng hidro;D.Tổng khối lượng của các chất phản ứng bằng tổng khối lượng chất sản phẩm;C
9;Câu 10; Tính khối lượng của vôi sống thu được biết nung 12g đá vôi thấy xuất hiện 2,24l khí cacbonic.;A. 7,6 kg;B. 3 mg;C. 3 g;D. 5,6 g;D

10;Câu 1; Chọn đáp án đúng;A. Phương trình hóa học biểu diễn ngắn gọn phản ứng hóa học;B. Có 2 bước để lập phương trình hóa học;C. Chỉ duy nhất 2 chất tham gia phản ứng tạo thành 1 chất sản phẩm mới gọi là phương trình hóa học;D. Quỳ tím dùng để xác định chất không là phản ứng hóa học;A
10;Câu 2; Chọn đáp án sai;A. Có 3 bước lập phương trình hóa học;B. Phương trình hóa học biểu diễn ngắn gọn phản ứng hóa học;C.Dung dich muối ăn có CTHH là NaCl;D.Ý nghĩa của phương trình hóa học là cho biết nguyên tố nguyên tử;D
10;Câu 3; Viết phương trình hóa học của kim loại sắt tác dụng với dung dịch axit sunfuric loãng biết sản phẩm là sắt (II) suafua và có khí bay lên;A.Fe + H2SO4 → FeSO4 + H2;B.Fe + H2SO4 → Fe2SO4 + H2;C.Fe + H2SO4 → FeSO4 + S2;D.Fe + H2SO4 → FeSO4 + H2S;A
10;Câu 4; CaCO3 + X → CaCl2 + CO2 + H2O. X là?;A. HCl;B. Cl2;C. H2;D. HO;A
10;Câu 5; Phương trình đúng của photpho cháy trong không khí, biết sản phẩm tạo thành là P2O5;A. P + O2 → P2O5;B. 4P + 5O2 → 2P2O5;C. P + 2O2 → P2O5;D. P + O2 → P2O3;B
10;Câu 6; Tỉ lệ hệ số tương ứng của chất tham gia và chất tạo thành của phương trình sau: Fe + 2HCl → FeCl2 + H2;A. 1:2:1:2;B. 1:2:2:1;C. 2:1:1:1;D. 1:2:1:1;D
10;Câu 7; Nhìn vào phương trình sau và cho biết tỉ số giữa các chất tham gia phản ứng  2NaOH + CuSO4 → Cu(OH)2 + Na2SO4;A. 1:1;B. 1:2;C. 2:1;D. 2:3;C
10;Câu 8; Tìm A , Ca(HCO3) (t0)→ CaCO3 + CO2 + A;A. H2O;B. H2;C. HCO3;D. CO;A
10;Câu 9; Điền chất cần tìm và hệ số thích hợp FeO + CO → X + CO2;A. Fe2O3 & 1:2:3:1;B. Fe & 1:1:1:1;C. Fe3O4 & 1:2:1:1;D. FeC & 1:1:1:1;B
10;Câu 10; Al + CuSO4 → Alx(SO4)y + Cu. Tìm x, y;A. x=2, y=3;B. x=3,y=4;C. x=1, y=2;D. x=y=1;A

11;Câu 1; Số Avogadro và kí hiệu là;A. 6.1023, A;B. 6.10-23, A;C. 6.1023 , N;D. 6.10-24, N;A
11;Câu 2; Tính số nguyên tử của 1,8 mol Fe;A. 10,85.1023 nguyên tử;B. 10,8.1023 nguyên tử;C. 11.1023 nguyên tử;D. 1,8.1023 nguyên tử;B
11;Câu 3; Khối lượng mol chất là;A. Là khối lượng ban đầu của chất đó;B. Là khối lượng sau khi tham gia phản ứng hóa học;C. Bằng 6.1023;D. Là khối lượng tính bằng gam của N nguyên tử hoặc phân tử chất đó;D
11;Câu 4;Cho biết 1 mol chất khí ở điều kiện bình thường có thể tích là;A. 2,24 l;B. 0,224 l;C. 22,4 l;D. 22,4 ml;C
11;Câu 5; Tính thể tích ở đktc của 2,25 mol O2;A. 22,4 l;B. 24 l;C. 5,04 l;D. 50,4 l;D
11;Câu 6; Số mol của H2 ở đktc biết V= 5,6 l;A. 0,25 mol;B. 0,3 mol;C. 0,224 mol;D. 0,52 l;A
11;Câu 7; Thể tích mol là;A. Là thể tích của chất lỏng;B. Thể tích của 1 nguyên tử nào đó;C. Thể tích chiếm bởi N phân tử của chất khí đó;D. Thể tích ở đktc là 22,4 l;C
11;Câu 8; Số mol của kali biết có 6.1023 nguyên tử kali;A. 1 mol;B. 1,5 mol;C. 0,5 mol;D. 0,25 mol;A
11;Câu 9; Chọn đáp án sai:;A. Khối lượng của N phân tử CO2 là 18 g;B. mH2O = 18 g/mol;C. 1 mol O2 ở đktc là 24 l;D. Thể tích mol của chất khí phải cùng nhiệt độ và áp suất;C
11;Câu 10; 1 mol N2 có V = 22,4 l. Hỏi 8 mol N2 thì cố V = ?. Biết khí đo ở đktc;A. 179,2 l;B. 17,92 l;C. 0,1792 l;D. 1,792 l;A

12;Câu 1; Cho phương trình sau, tính khối lượng chất tạo thành biết 2,3 g Na 4Na + O2 → 2Na2O;A. 0,31 g;B. 3 g;C. 3,01 g;D. 3,1 g;D
12;Câu 2; Cho Fe + H2SO4 → FeSO4 + H2. Tính VH2 biết mFe = 15,12 g;A. 6,048 l;B. 8,604 l;C. 5,122 l;D. 2,45 l;A
12;Câu 3; Chọn đáp án đúng: Số mol của 12g O2, 1,2 g H2, 14 g N2;A. 0,375 mol; 0,6 mol; 0,5 mol;B. 0,375 mol; 0,5 mol; 0,1 mol;C. 0,1 mol; 0,6 mol; 0,5 mol;D. O,5 mol; 0,375 mol; 0,3 mol;A
12;Câu 4; Thể tích của CH4 ở đktc khi biết m = 96 g;A. 134,4 ml;B. 0,1344 ml;C. 13,44 ml;D. 1,344 ml;B
12;Câu 5; Số mol nguyên tử C trong 44 g CO2;A. 2 mol;B. 1 mol;C. 0,5 mol;D. 1,5 mol;B
12;Câu 6; Nếu 2 chất khác nhau nhưng có ở cùng nhiệt độ và áp suất, có thể tích bằng nhau thì;A. Cùng khối lượng;B. Cùng số mol;C. Cùng tính chất hóa học;D. Cùng tính chất vật lí;B
12;Câu 7; Cho m_Ca = 5 g, m_CaO = 5,6 g. Kết luận đúng;A. n_Ca > n_CaO;B. n_Ca < n_CaO;C. n_Ca = n_CaO;D. V_Ca = V_CaO;A
12;Câu 8; Cho n_N2 = 0,9 mol và m_Fe = 50,4 g. Kết luận đúng;A. Cùng khối lượng;B. Cùng thể tích;C. Cùng số mol;D.m_Fe < m_N2;C
12;Câu 9; Phải cần bao nhiêu mol nguyên tử C để có 2,4.1023 nguyên tử C;A. 0,5 mol;B. 0,55 mol;C. 0,4 mol;D. 0,45 mol;C
12;Câu 10; Số mol của 19,6 g H2SO4;A. 0,2 mol;B. 0,1 mol;C. 0,12 mol;D. 0,21 mol;A

13;Câu 1; Khí nào nặng nhất trong các khí sau;A. CH4;B. CO2;C. N2;D. H2;B
13;Câu 2; Khí A có dA/kk > 1 là khí nào;A. H2;B. N2;C. O2;D. NH3;C
13;Câu 3; Có thể thu khí N2 bằng cách nào;A. Đặt đứng bình;B. Đặt úp bình;C. Đặt ngang bình;D. Cách nào cũng được;B
13;Câu 4; Cho X có dX/kk = 1,52. Biết chất khí ấy có 2 nguyên tố Nitơ;A. CO;B. NO;C. N2O;D. N2;C
13;Câu 5; Muốn biết khí A nặng/nhẹ hơn khí B có mấy cách?;A. 1;B. 2;C. 3;D. 4;B
13;Câu 6; Trong các khí sau, số khí nhẹ hơn không khí là: CO2, H2O, N2, H2, SO2;A. 5;B. 4;C. 3;D. 2;C
13;Câu 7; Trong các khí sau, số khí nặng hơn không khí là: CO2, H2O, N2, H2, SO2, N2O;A. 1;B. 3;C. 4;D. 5;B
13;Câu 8; Khí SO2 nặng hay nhẹ hơn không khí bao lần;A. Nặng hơn không khí 2,2 lần;B. Nhẹ hơn không khí 3 lần;C. Nặng hơn không khí 2,4 lần;D. Nhẹ hơn không khí 2 lần;A
13;Câu 9; Khí N2 nặng hay nhẹ hơn khí O2;A. N2 nặng hơn O2 1,75 lần;B. O2 nặng hơn N2 1,75 lần;C. N2 = O2;D. Không đủ điều kiện để kết luận;B
13;Câu 10; Cho CO2, H2O, N2, H2, SO2, N2O, CH4, NH3. Khí có thể thu được khi để đứng bình là;A. CO2, CH4, NH3;B. CO2, H2O, CH4, NH3;C. CO2, SO2,N2O;D. N2, H2, SO2,N2O, CH4, NH3;C

14;Câu 1; Cho C2H5OH. Số nguyên tử H có trong hợp chất;A. 1;B. 5;C. 3;D. 6;D
14;Câu 2; Tính %mK có trong phân tử K2CO3;A. 56, 502%;B. 56,52%;C. 56,3%;D. 56,56%;B
14;Câu 3; Biết hợp chất có dA/H2 = 22. Xác định hợp chất biết có duy nhất 1 nguyên tử Oxi;A. NO;B. CO;C. N2O;D. CO2;C
14;Câu 4; Tính %mC biết trong 1 mol NaHCO3 có 1 mol Na, 1 mol C và 3 mol O, 1 mol H;A. 14,28 %;B. 14,2%;C. 14,284%;D. 14,285%;D
14;Câu 5; Thành phần phần trăm khối lượng của oxi trong Fe2O3;A. 35%;B. 40%;C. 30%;D. 45%;C
14;Câu 6; Tính khối lượng của Fe trong 92,8 g Fe3O4;A. 67,2 g;B. 25,6 g;C. 80 g;D. 10 g;A
14;Câu 7; Tính mAl2O3 biết số mol Al có trong hợp chất là 0,6;A. 30,6 g;B. 31 g;C. 29 g;D. 11,23 g;A
14;Câu 8; Tỉ số về số mol của các nguyên tố có trong C3H6O2;A. 3:6:2;B. 1:3:1;C. 36:6:32;D. 12:6:16;A
14;Câu 9; Tìm công thức hóa học biết chất A có 80% nguyên tử Cu và 20% nguyên tử Oxi, biết dA/H2 = 40;A. CuO2;B. CuO;C. Cu2O;D. Cu2O2;B
14;Câu 10; %mMg trong 1 mol MgO là;A. 60%;B. 40%;C. 50%;D. 45%;A

15;Câu 1; Cho thanh magie cháy trong không khí thu được hợp chất magie oxit. Biết m_Mg = 7,2 g. Tính khối lượng hợp chất;A. 2,4 g;B. 9,6 g;C. 4,8 g;D. 12 g;C
15;Câu 2; Cho phương trình CaCO3 → CO2 + H2O Để điều chế 2,24 l CO2 thì số mol CaCO3 cần dùng là;A. 1 mol;B. 0,1 mol;C. 0,001 mol;D. 2 mol;B
15;Câu 3; Ba + 2HCl → BaCl2 + H2 Để thu dược 4,16 g BaCl2 cần bao nhiêu mol HCl;A. 0,04 mol;B. 0,01 mol;C. 0,02 mol;D. 0,5 mol;A
15;Câu 4; Cho 5,6 g sắt tác dụng với dung dịch axit clohidric loãng thu được bao nhiêu ml khí H2;A. 2,24 ml;B. 22,4 ml;C. 2, 24.10^-3 ml;D. 0,0224 ml;C
15;Câu 5; Cho 13,7 g Ba tác dụng với 3,2 g oxi thu được hợp chất oxit. Tính khối lượng oxi sau phản ứng;A. 3,2 g;B. 1,6 g;C. 6,4 g;D. 0,8 g;B
15;Câu 6; Cho 98 g H2SO4 loãng 20% phản ứng với thanh nhôm thấy có khí bay lên. Xác định thể tích khí đó;A. 4,8 l;B. 2,24 l;C. 4,48 l;D. 0,345 l;C
15;Câu 7; Cho 8,45 g Zn tác dụng với 5,376 l khí Clo (đktc). Hỏi chất nào sau phản ứng còn dư;A. Zn;B. Clo;C. Cả 2 chất;D. Không có chất dư;B
15;Câu 8; Nhiệt phân 2,45 g KClO3 thu được O2. Cho Zn tác dụng với O2 vừa thu được . Tính khối lượng chất thu được sau phản ứng;A. 2,45 g;B. 5,4 g;C. 4,86 g;D. 6,35 g;D
15;Câu 9; Đốt cháy 11,2 l CH4 trong không khí thu được khí và nước. Xác định khí và cho biết số mol;A. CO và 0,5 mol;B. CO2 và 0,5 mol;C. C và 0,2 mol;D. CO2 và 0,054 mol;B
15;Câu 10; Nung 6,72 g Fe trong không khí thu được sắt (II) oxit. Tính mFeO và VO2;A. 1,344 g và 0,684 l;B. 2,688 l và 0,864 g;C. 1,344 l và 8,64 g;D. 8,64 g và 2,234 ml;C

16;Câu 1; Khí oxi nặng hơn không khí bao nhiêu lần;A. 1,1 lần;B. 0,55 lần;C. 0,90625 lần;D. 1,8125 lần;A
16;Câu 2; Đốt cháy 3,1 g photpho trong bình chứa oxi tạo ra điphotpho pentaoxit. Tính khối lượng oxit thu được;A. 1,3945 g;B. 14,2 g;C. 1,42 g;D. 7,1 g;D
16;Câu 3; Cháy mạnh, sáng chói, không có khói là hiện tượng của phản ứng;A. C+O2 → CO2;B. 3Fe+2O2 → Fe3O4;C. 2Cu+O2 → 2CuO;D. 2Zn+O2 → 2ZnO;B
16;Câu 4; Cháy trong oxi với lửa nhỏ có màu xanh nhạt, cháy trong không khí mãnh liệt hơn là hiện tượng của phản ứng;A. 2S + 3O2 → 2SO3;B. S + O2 → SO2;C. P + O2 → P2O5;D. P + O2 →P2O5;A
16;Câu 5; Cháy mạnh trong oxi với ngọn lửa sáng chói, tạo ra khói trắng dày đặc bám vào thành lọ dưới dạng bột hòa tan được nước là phản ứng;A. 4P + 5O2 → 2P2O5;B. P + O2 → P2O3;C. S + O2 →SO2;D. 2Zn + O2 →2 ZnO;A
16;Câu 6; Cho 0,56 g Fe tác dụng với 16 g oxi tạo ra oxit sắt từ. Tính khối lượng oxit sắt từ và cho biết chất còn dư sau phản ứng;A. Oxi dư và m = 0,67 g;B. Fe dư và m = 0,774 g;C. Oxi dư và m = 0,773 g;D. Fe dư và m = 0,67 g;C
16;Câu 7; Tính chất nào sau đây oxi không có;A. Oxi là chất khí;B. Trong các hợp chất, oxi có hóa trị 2;C. Tan nhiều trong nước;D. Nặng hơn không khí;C
16;Câu 8; Chọn đáp án đúng;A. Oxi không có khả năng kết hợp với chất hemoglobin trong máu;B. Khí oxi là một đơn chất kim loại rất hoạt động;C. Oxi nặng hơn không khí;D. Oxi có 3 hóa trị;C
16;Câu 9; Chọn đáp án đúng;A. CH4 + O2 → 2CO2 + H2O;B. 2C2H2 +5O2→ 4CO2 + 2H2O;C. Ba + O2 → BaO;D. 2KClO3 → 2KCl + O2;B
16;Câu 10; Tính thể tích khí oxi phản ứng khi đốt cháy 3,6 g C;A. 0,672 l;B. 67,2 l;C. 6,72 l;D. 0,0672 l;C

17;Câu 1; Phản ứng nào là phản ứng hóa hợp;A. Cu + H2SO4 → CuSO4 + H2;B. CaO + H2O → Ca(OH)2;C. CaCO3 → CaO +CO2;D. Fe + 2HCl →FeCl2 + H2;B
17;Câu 2; Những lĩnh vực quan trọng nhất chỉ khí oxi;A. Sự hô hấp;B. Sự đốt nhiên liệu;C. Dùng trong phản ứng hóa hợp;D. Cả A&B;B
17;Câu 3; Chọn đáp án sai;A. Sự tác dụng của oxi với 1 chất là sự oxi hóa;B. Lò luyện gang dung không khí giàu oxi;C. Cu + H2SO4 → CuSO4 + H2 là phản ứng hóa hợp;D. Đèn xì oxi- axetilen là một trong những ứng dụng của oxi;C
17;Câu 4; Chọn đáp án đúng;A. Trong thế kỉ 19, oxi thường đi trộn với nito oxit để làm chất giảm đau;B. Oxi được dung làm chất khử;C. Phản ứng hóa hợp là 1 chất sau khi có nhiệt độ tạo thành 2 chất;D. Cả 3 đáp án;A
17;Câu 5; Cho phản ứng CaO + H2O → Ca(OH)2. Tính số mol của canxi hidroxit biết khối lương của CaO là 5,6 g;A. 0,01 mol;B. 1 mol;C. 0,1 mol;D. 0,001 mol;C
17;Câu 6; Đâu không là phản ứng hóa hợp;A. 2Cu + O2 −to→ 2CuO;B. Fe + O2 −to→ FeO;C. Mg + S → MgS;D. FeO+ 2HCl → FeCl2 + H2O;D
17;Câu 7; Chọn câu đúng;A. Sự tác dụng của 1 chất với oxi gọi là sự oxi hóa;B. Phản ứng hóa hợp là phản ứng thu nhiệt;C. Phản ứng hóa hợp sinh ra nhiều chất mới;D. Oxi là chất khí không màu, không mùi, nhẹ hơn không khí;A
17;Câu 8; Tại sao bệnh nhân lại cần đến ống thở khi hô hấp không ổn định;A. Cung cấp oxi;B. Tăng nhiệt độ cơ thể;C. Lưu thông máu;D. Giảm đau;A
17;Câu 9; Lập phương trình hóa hợp của nhôm và lưu huỳnh;A. Al + S → Al2S3;B. 2Al + 3S → Al2S3;C. 2Al + S → Al2S;D. 3Al + 4S → Al3S4;B
17;Câu 10; Cho các câu sai :...a. Oxi cung cấp cho sự hô hấp của con người...b. Oxi tác dụng trực tiếp với halogen...c. Phản ứng hóa hợp là 2 chất phản ứng tạo thành duy nhất 1 chất sản phẩm...d. Các nhiên liệu cháy trong oxi tạo ra nhiệt độ thấp hơn trong không khí...Câu đúng là;A. a,b,c;B. a,d;C. a,c;D. cả 3 đáp án;C

18;Câu 1; Hợp chất nào sau đây không phải là oxit;A. CO2;B. SO2;C. CuO;D. CuS;D
18;Câu 2; Oxit nào sau đây là oxit axit;A. CuO;B. Na2O;C. CO2;D. CaO;C
18;Câu 3; Oxit bắt buộc phải có nguyên tố;A. Oxi;B. Halogen;C. Hidro;D. Lưu huỳnh;A
18;Câu 4; Chỉ ra công thức viết sai: CaO, CuO, NaO, CO2, SO;A. CaO, CuO;B. NaO, CaO;C. NaO, SO;D. CuO, SO;C
18;Câu 5; Chỉ ra các oxit bazo: P2O5, CaO, CuO, BaO, Na2O, P2O3;A. P2O5, CaO, CuO;B. CaO, CuO, BaO, Na2O;C. BaO, Na2O, P2O3;D. P2O5, CaO, P2O3;B
18;Câu 6; Chỉ ra oxit axit: : P2O5, CaO, CuO, BaO, SO2, CO2;A. P2O5, CaO, CuO, BaO;B. BaO, SO2, CO2;C. CaO, CuO, BaO;D. SO2, CO2 , P2O5;D
18;Câu 7; Chọn đáp án đúng;A. CO- cacbon (II) oxit;B. CuO- đồng (II) oxit;C. FeO- sắt (III) oxit;D. CaO- canxi trioxit;B
18;Câu 8; Axit tương ứng của CO2;A. H2SO4;B. H3PO4;C. H2CO3;D. HCl;C
18;Câu 9; Bazo tương ứng của MgO;A. Mg(OH)2;B. MgCl2;C. MgSO4;D. Mg(OH)3;A
18;Câu 10; Tên gọi của P2O5;A. Điphotpho trioxit;B. Photpho oxit;C. Điphotpho oxit;D. Điphotpho pentaoxit;D

19;Câu 1; Các chất dung để điều chế Oxi trong phòng thí nghiệm là;A. KClO3;B. KMnO4;C. CaCO3;D. Cả A & B;D
19;Câu 2; Tổng hệ số của chất tham gia và sản phẩm là 2KClO3 (t0)→ 2KCl + 3O2;A. 2&5;B. 5&2;C. 2&2;D. 2&3;A
19;Câu 3; Có những cách nào điều chế oxi trong công nghiệp;A. Dùng nghiên liệu là không khí;B. Dùng nước làm nguyên liệu;C. Cách nào cũng được;D. A&B;D
19;Câu 4; Nhiệt phân 12,25 g KClO3 thấy có khí bay lên. Tính thể tích của khí ở đktc;A. 4,8 l;B. 3,36 l;C. 2,24 l;D. 3,2 l;B
19;Câu 5; Số sản phẩm tạo thành của phản ứng phân hủy là;A. 2;B. 3;C. 2 hay nhiều sản phẩm;D. 1;C
19;Câu 6; Chọn nhận xét đúng;A. Phản ứng phân hủy là một dạng của phản ứng hóa học;B. Phản ứng hóa hợp là phản ứng oxi hóa khử;C. Phản ứng phân hủy là phản ứng sinh ra duy nhất 2 chất mới;D. Cả A và C đều đúng;A
19;Câu 7; Phản ứng phân hủy là;A. Ba + 2HCl → BaCl2 + H2;B. Cu + H2S → CuS+H2;C. MgCO3 → MgO + CO2;D. KMnO4 → MnO + O2 + K2O;C
19;Câu 8; Cho phản ứng 2KMnO4 (t0)→ K2MnO4 + MnO2 + O2. Tổng hệ số sản phẩm là;A. 3;B. 2;C. 1;D. 5;A
19;Câu 9; Tính khối lượng KMnO4 biết nhiệt phân thấy 2,7552 l khí bay lên;A. 38,678 g;B. 38,868 g;C. 37,689 g;D. 38,886 g;B
19;Câu 10; Phương trình không điều chế oxi trong phòng thí nghiệm;A. 2KMnO4 −(t0)→ K2MnO4 + MnO2 + O2 ↑;B. 2H2O2 −(t0)→ 2H2O + O2;C. 2KClO3 −(MnO2)→ 2KCl + 3O2;D. 2H2O −(t0)→ 2H2 + O2;D

20;Câu 1; Trong không khí Oxi chiếm bao nhiêu phần trăm thể tích?;A. 21%;B. 79%;C. 21%;D. 0%;A
20;Câu 2; Phương pháp nào để dập tắt lửa do xăng dầu?;A. Quạt;B. Phủ chăn bông hoặc vải dày;C. Dùng nước;D. Dùng cồn;B
20;Câu 3; Chọn đáp án đung nhất. Bản chất của phản ứng cháy là:;A. Cần có Oxi;B. Sản phẩm tạo ra có CO2;C. Là phản ứng oxi hóa – khử;D. Là phản ứng tỏa nhiệt;C
20;Câu 4; Để bảo vệ không khí trong lành chúng ta nên làm gì?;A. Chặt cây xây cầu cao tốc;B. Đổ chất thải chưa qua xử lí ra môi trường;C. Trồng cây xanh;D. Xây thêm nhiều khu công nghiệp;C
20;Câu 5; Thành phần các chất trong không khí:;A. 9% Nitơ, 90% Oxi, 1% các chất khác;B. 91% Nitơ, 8% Oxi, 1% các chất khác;C. 50% Nitơ, 50% Oxi;D. 21% Oxi, 78% Nitơ, 1% các chất khác;D
20;Câu 6; Điều kiện phát sinh phản ứng cháy là:;A. Chất phải nóng đến nhiệt độ cháy;B. Phải đủ khí oxi cho sự cháy.;C. Cần phải có chất xúc tác cho phản ứng cháy;D. Cả A & B;D
20;Câu 7; Chọn đáp án đúng nhất;A. Phản ứng oxi hóa chính là phản ứng cháy;B. Sự oxi hóa chậm không tỏa nhiệt và phát sáng;C. Sự oxi hóa chậm tỏa nhiệt và không phát sáng;D. Cả 3 đáp án đều sai;C
20;Câu 8; Sự giống nhau giữa sự cháy và sự oxi hóa chậm là;A. Phát sáng;B. Cháy;C. Tỏa nhiệt;D. Sự oxi hóa xảy ra chậm;C
20;Câu 9; Làm thế nào để dập tắt sự cháy?;A. Hạ nhiệt độ của chất cháy xuống dưới nhiệt độ cháy;B. Cách li chất cháy với oxi;C. Quạt;D. A & B đều đúng;D
20;Câu 10; Đốt cháy 6g oxi và 7g P trong bình. Sau phản ứng chất nào còn dư?;A.Photpho;B. Oxi;C. Không xác định được;D. Cả hai chất;A
